{"textNames":[],"vecNames":[16,96],"floatNames":[526,294,262,523],"vectors":[{"x":1.0,"y":1.0,"z":1.0,"w":1.0},{"x":0.0,"y":0.0,"z":0.0,"w":0.0}],"floats":[0.7272726893424988,0.12727272510528565,1.0,0.0]}